{"cameraMode":{"drawMode":0,"name":"Shaded","section":"Shading Mode"},"sceneLighting":true,"audioPlay":false,"sceneViewState":{"m_AlwaysRefresh":false,"showFog":true,"showSkybox":true,"showFlares":true,"showImageEffects":true,"showParticleSystems":true,"showVisualEffectGraphs":true,"m_FxEnabled":true},"in2DMode":false,"pivot":{"x":725.5827026367188,"y":410.1540222167969,"z":70.33734130859375},"rotation":{"x":0.02699483372271061,"y":-0.011995339766144753,"z":0.0003239617799408734,"w":0.9995642304420471},"size":440.5557556152344,"orthographic":false}